<?xml version="1.0" encoding="utf-8"?>
<extension type="plugin" group="filesystem" method="upgrade">
	<name>plg_filesystem_symlink</name>
	<author>Phillip Hopper</author>
	<creationDate>17 Oct 2022</creationDate>
	<copyright>(C) 2022 Phillip Hopper</copyright>
	<license>GNU General Public License version 2 or later; see LICENSE.txt</license>
	<authorEmail>phopper1964@gmail.com</authorEmail>
	<authorUrl>https://github.com/phillip-hopper/</authorUrl>
	<version>0.0.1</version>
	<description>PLG_FILESYSTEM_SYMLINK_XML_DESCRIPTION</description>
	<namespace path="src">Joomla\Plugin\Filesystem\Symlink</namespace>
	<files>
		<filename plugin="symlink">symlink.php</filename>
		<folder>src</folder>
	</files>

	<languages>
		<language tag="en-GB">language/en-GB/plg_filesystem_symlink.ini</language>
		<language tag="en-GB">language/en-GB/plg_filesystem_symlink.sys.ini</language>
	</languages>

	<config>
		<fields name="params">
			<fieldset name="basic">
				<field
					name="directories"
					type="subform"
					label="PLG_FILESYSTEM_SYMLINK_DIRECTORIES_LABEL"
					multiple="true"
					layout="joomla.form.field.subform.repeatable-table"
					buttons="add,remove,move"
					default='[{"directory":"images"}]'
				>
					<form>
						<field
							name="directory"
							type="folderlist"
							default="images"
							label="PLG_FILESYSTEM_SYMLINK_DIRECTORIES_DIRECTORY_LABEL"
							folderFilter=""
							exclude=""
							stripext=""
							hide_none="true"
							validate="options"
						/>
					</form>
				</field>
			</fieldset>
		</fields>
	</config>
</extension>
